x,y,status,infTime
0.5488135039273248,0.7917250380826646,2,-1
0.7151893663724195,0.5288949197529045,1,3
0.6027633760716439,0.5680445610939323,1,3
0.5448831829968969,0.925596638292661,2,-1
0.4236547993389047,0.07103605819788694,0,-1
0.6458941130666561,0.08712929970154071,0,-1
0.4375872112626925,0.02021839744032572,0,-1
0.8917730007820798,0.832619845547938,0,-1
0.9636627605010293,0.7781567509498505,0,-1
0.3834415188257777,0.8700121482468192,2,-1
